persons,imgname
"[[644,415,50,91]]",210middle00001.jpg
"[[523,387,43,95],[584,391,52,106]]",210top00001.jpg
"[[517,333,54,106],[616,339,54,93]]",210top100001.jpg
"[[246,37,48,117],[649,13,52,104],[294,71,69,78]]",240high60-21.jpg
"[[156,294,43,117],[197,316,69,89],[826,577,4,4],[1066,264,67,106]]",240high601.jpg
"[[348,523,63,117],[445,521,65,108]]",240high9000001.jpg
"[[497,249,41,91],[638,266,52,104],[1107,236,74,91]]",240higher60-21.jpg
"[[869,210,45,91],[117,236,91,102]]",240top80-7500001.jpg
"[[121,361,52,115],[177,398,56,80]]",240top9000001.jpg
"[[74,402,95,201],[387,216,54,102]]",2court013.jpg
"[[80,348,91,164],[307,257,56,99]]",2court016.jpg
"[[169,272,86,141],[288,201,67,104]]",2court017.jpg
"[[56,283,106,169],[314,197,65,97]]",2court018.jpg
"[[30,335,69,134],[411,305,67,99]]",2court034.jpg
"[[216,314,63,106]]",2court035.jpg
"[[618,257,61,177],[164,216,54,130]]",2court048.jpg
"[[326,201,65,108],[750,244,69,156]]",2court049.jpg
"[[765,246,63,151],[322,195,67,121]]",2court050.jpg
"[[372,210,63,104],[813,257,69,154]]",2court052.jpg
"[[0,186,69,171],[402,175,56,123],[839,227,82,156]]",2court053.jpg
"[[571,223,69,158],[93,175,56,110]]",2court055.jpg
"[[102,171,71,121],[586,229,67,151]]",2court056.jpg
"[[41,195,71,99],[577,238,89,154],[813,707,0,2]]",2court057.jpg
"[[255,214,45,99],[776,262,67,156]]",2court058.jpg
"[[515,214,56,95],[640,236,54,102]]",highangled00001.jpg
"[[528,11,52,99],[614,24,39,91]]",highangled200001.jpg
"[[951,426,69,125],[1042,413,67,147]]",img00001.jpg
"[[117,136,82,147],[891,314,134,195],[696,128,52,130],[664,93,45,121]]",playerspectatorr3003.jpg
"[[154,93,67,156],[592,78,48,80],[995,270,123,311]]",playerspectatorr3009.jpg
"[[145,102,78,147],[463,123,82,154],[566,76,65,99]]",playerspectatorr3013.jpg
"[[162,106,69,136],[493,151,78,154],[618,56,58,106],[1187,303,93,370]]",playerspectatorr3014.jpg
"[[184,84,58,149],[714,41,37,117],[930,214,121,259],[0,214,89,257]]",playerspectatorr3016.jpg
"[[112,106,71,138],[595,63,45,112],[709,169,89,192]]",playerspectatorr3017.jpg
"[[160,115,67,130],[566,52,65,112],[1079,296,179,329],[1042,603,4,2]]",playerspectatorr3019.jpg
"[[731,30,37,80],[1070,283,192,320],[17,262,169,275],[156,93,71,138],[391,430,0,2]]",playerspectatorr3020.jpg
"[[160,91,71,136],[74,201,95,203],[608,45,43,84],[1066,283,203,326]]",playerspectatorr3021.jpg
"[[0,346,128,365],[861,262,95,242],[616,93,52,89],[463,106,61,82]]",playingr305.jpg
"[[212,320,147,298],[720,169,76,203],[543,41,45,112],[642,102,2,0],[861,41,48,95]]",playingr306.jpg
"[[389,270,117,210],[525,262,99,182],[698,84,48,86],[871,89,41,67]]",playingr307.jpg
"[[337,281,132,234],[731,221,108,227],[662,58,61,91],[757,58,54,82]]",playingr308.jpg
"[[320,266,143,240],[880,285,136,348],[675,54,52,97],[486,58,54,89]]",playingr310.jpg
"[[339,242,89,221],[908,305,130,342],[670,58,58,99],[480,71,61,95]]",playingr311.jpg
"[[441,214,115,225],[908,294,160,333],[685,52,56,97],[486,54,58,108]]",playingr312.jpg
"[[463,162,102,190],[614,301,134,326],[662,26,69,99],[469,28,71,93]]",playingr313.jpg
"[[173,335,173,357],[584,11,48,119],[794,15,54,102]]",playingr315.jpg
"[[112,428,160,292],[517,97,58,121],[945,82,58,91]]",playingr317.jpg
"[[908,294,130,344],[324,216,130,145]]",playingr318.jpg
"[[290,285,112,301],[495,32,69,108],[737,41,52,74]]",playingr320.jpg
"[[210,333,162,314],[577,249,132,244],[499,19,54,99],[649,24,65,93]]",playingr321.jpg
"[[437,314,143,281],[895,221,91,262],[651,19,61,86],[486,4,67,84]]",playingr322.jpg
"[[471,4,76,97],[623,9,78,93],[270,292,132,331],[714,218,117,303]]",playingr323.jpg
"[[374,216,136,270],[757,182,112,240],[644,22,54,89],[471,19,67,93]]",playingr324.jpg
"[[391,158,108,223],[512,158,93,221],[659,2,50,65],[707,2,54,80]]",playingr325.jpg
"[[22,253,151,268],[925,160,147,257],[655,0,54,93]]",playingr326.jpg
"[[242,208,112,249],[1181,231,99,389],[703,0,69,58],[592,0,71,50]]",playingr327.jpg
"[[329,182,138,236],[1042,169,216,348],[696,0,69,95],[495,0,50,84]]",playingr328.jpg
"[[532,227,112,281],[264,192,132,259],[450,0,43,67],[636,0,48,78]]",playingr329.jpg
"[[450,136,104,238],[389,123,78,199],[558,0,52,93],[627,0,69,89]]",playingr330.jpg
"[[476,130,86,208],[396,58,71,154],[547,0,54,86],[625,0,48,65]]",playingr331.jpg
"[[428,76,69,162],[668,188,97,238],[532,0,56,80],[627,0,61,91]]",playingr332.jpg
"[[288,171,136,225],[726,305,179,381],[627,0,43,71],[467,0,48,76]]",playingr333.jpg
"[[307,197,154,264],[839,277,136,365],[670,28,52,91],[521,0,45,102]]",playingr334.jpg
"[[391,158,112,199],[947,171,136,192],[603,45,67,86],[499,19,61,91]]",playingr335.jpg
"[[374,138,106,182],[726,190,108,227],[586,15,54,93],[417,50,52,65]]",playingr336.jpg
"[[378,141,115,203],[536,141,74,166],[437,24,61,104],[534,11,41,95]]",playingr337.jpg
"[[318,227,128,270],[592,141,119,186],[502,2,45,104],[584,15,37,97]]",playingr338.jpg
"[[147,359,179,331],[951,97,93,158],[608,30,45,102],[493,15,54,91]]",playingr339.jpg
"[[106,303,199,333],[995,182,110,184],[564,45,58,93],[432,28,65,108]]",playingr340.jpg
"[[359,175,125,216],[854,264,141,283],[452,15,63,97],[575,28,52,89]]",playingr341.jpg
"[[419,11,65,95],[575,24,69,97],[398,154,130,184],[1150,396,130,324]]",playingr342.jpg
"[[389,151,99,184],[430,28,54,86],[597,22,61,119],[839,253,160,255]]",playingr343.jpg
"[[465,108,119,171],[863,216,136,272],[618,9,52,89],[411,4,48,80]]",playingr344.jpg
"[[469,78,69,173],[1042,136,134,259],[636,0,50,97],[493,2,56,74]]",playingr345.jpg
"[[653,493,154,227],[125,454,130,266],[482,400,56,93],[668,394,58,78]]",playingr351.jpg
"[[197,471,123,249],[653,432,121,275],[545,368,52,106],[627,355,52,91]]",playingr352.jpg
"[[342,439,91,238],[521,439,102,266],[599,361,41,76],[649,370,45,95]]",playingr353.jpg
"[[0,298,125,318],[562,368,158,352],[426,257,61,99],[259,240,56,102]]",playingr354.jpg
"[[19,298,125,301],[262,244,37,106],[400,253,54,112],[791,357,95,251]]",playingr355.jpg
"[[272,339,102,218],[543,413,143,272],[450,292,56,63],[610,283,43,71]]",playingr359.jpg
"[[156,305,132,255],[716,314,106,298],[610,188,50,91],[755,192,50,78]]",playingr360.jpg
"[[662,253,86,218],[627,169,43,95],[791,184,43,86]]",playingr361.jpg
"[[363,251,97,197],[560,244,99,186],[666,158,63,104],[917,141,48,110]]",playingr362.jpg
"[[486,301,58,160],[541,318,97,173],[871,223,39,84],[528,257,61,74]]",playingr363.jpg
"[[640,314,86,173],[573,305,61,128],[569,249,45,58],[841,234,56,86]]",playingr364.jpg
"[[588,344,63,164],[597,318,50,67],[653,242,52,97],[943,246,45,54]]",playingr365.jpg
"[[605,359,95,240],[718,348,97,225],[796,251,65,82]]",playingr366.jpg
"[[835,238,39,95],[722,231,48,82],[627,389,121,283],[649,316,76,121]]",playingr367.jpg
"[[424,355,136,208],[1025,387,179,324],[839,244,39,91],[649,246,56,71]]",playingr368.jpg
"[[536,344,125,205],[679,227,61,89],[800,229,65,106]]",playingr369.jpg
"[[688,331,104,255],[943,296,99,259],[822,205,52,95],[694,229,54,74]]",playingr370.jpg
"[[592,342,95,221],[889,290,119,184],[817,201,50,89],[696,225,52,91]]",playingr371.jpg
"[[601,456,108,221],[852,348,39,95],[701,374,56,65]]",playingr372.jpg
"[[430,491,89,229],[714,365,35,93],[789,365,58,93]]",playingr373.jpg
"[[65,512,132,208],[796,499,108,221],[856,357,41,86],[716,357,54,93]]",playingr374.jpg
"[[121,445,138,275],[828,411,179,262],[644,318,56,74],[787,309,48,78]]",playingr375.jpg
"[[579,307,125,199],[925,318,112,255],[694,227,41,82],[739,216,39,104]]",playingr377.jpg
"[[255,203,99,225],[956,244,177,275],[631,54,43,108],[517,54,37,89]]",playingr378.jpg
"[[275,128,128,195],[748,177,128,281],[610,6,56,82],[536,9,43,102]]",playingr379.jpg
"[[411,52,91,190],[843,119,134,285]]",playingr380.jpg
"[[205,119,112,199],[365,132,93,179],[517,17,41,102],[789,4,50,65]]",playingr382.jpg
"[[251,128,76,182],[26,99,86,162],[493,32,52,91],[709,4,58,84]]",playingr383.jpg
"[[160,177,80,123],[17,106,89,151],[489,13,65,106],[675,9,63,97]]",playingr384.jpg
"[[143,125,86,175],[17,97,82,156],[588,15,56,95],[692,4,54,97]]",playingr385.jpg
"[[387,128,110,203],[796,195,99,296],[664,11,63,106],[424,24,54,84]]",playingr389.jpg
"[[301,110,91,171],[448,41,45,84],[675,41,52,99],[982,236,130,326]]",playingr390.jpg
"[[218,158,84,132],[517,74,56,95],[688,58,65,117],[997,266,151,324]]",playingr391.jpg
"[[506,32,61,97],[599,26,52,104],[679,19,41,115],[772,22,41,110]]",racket160-701.jpg
"[[221,186,58,84],[311,188,56,89],[828,166,63,91],[1144,160,48,110]]",racket302.jpg
"[[115,162,50,93],[205,154,37,91],[333,147,50,91],[374,149,63,86]]",racket305.jpg
"[[138,164,39,86],[246,145,50,112],[314,149,54,115],[281,130,43,110]]",racket306.jpg
"[[320,84,41,104],[432,84,48,99],[394,56,30,128],[368,65,35,89]]",racket308.jpg
"[[476,63,32,108],[398,97,48,99],[428,63,48,104]]",racket309.jpg
"[[675,32,48,86],[601,37,56,86],[497,45,43,78]]",racket314.jpg
"[[932,394,54,112],[982,383,80,147]]",top00001.jpg
"[[437,474,99,201]]",1.jpg
"[[259,134,67,108],[672,130,56,125]]",12.jpg
"[[636,199,48,89]]",13.jpg
"[[694,177,41,65]]",14.jpg
"[[413,190,48,65],[1081,175,48,97]]",15.jpg
"[[517,95,54,86],[800,91,58,86]]",16.jpg
"[[391,225,41,78]]",17.jpg
"[[352,199,54,93]]",18.jpg
"[[352,199,54,93]]",19.jpg
"[[657,506,99,214]]",2.jpg
"[[236,145,52,97]]",20.jpg
"[[229,147,48,82],[800,74,184,301]]",21.jpg
"[[454,307,48,74]]",22.jpg
"[[208,458,56,115],[1198,424,61,110]]",23.jpg
"[[685,476,80,221]]",3.jpg
"[[48,430,56,97],[850,361,43,80]]",4.jpg
"[[199,404,65,110],[1129,329,56,82]]",5.jpg
"[[528,389,43,58],[54,422,43,54]]",6.jpg
"[[56,229,121,229],[1059,246,50,99]]",7.jpg
"[[44,242,104,238],[1170,266,48,108]]",8.jpg
"[[774,147,69,93]]",9.jpg
"[[482,545,76,154],[1235,411,45,86]]",PXL_20211002_153856699.jpg
"[[510,541,95,160]]",PXL_20211002_153858979.jpg
"[[538,541,61,160]]",PXL_20211002_153900787.MP.jpg
"[[0,335,74,169],[374,320,93,221],[666,288,65,143],[960,290,69,147],[1133,357,147,348]]",PXL_20211003_1735.png
"[[422,368,58,130],[960,346,43,78],[744,333,43,82],[311,309,30,128],[368,322,26,106],[344,326,30,104],[279,333,32,108],[402,320,39,95]]",PXL_20211003_173557860.jpg
"[[951,329,35,78],[761,320,37,82],[272,359,56,156],[398,324,45,89],[359,318,30,102],[333,318,35,97],[275,320,50,56]]",PXL_20211003_173559212.jpg
"[[268,432,229,288]]",PXL_3531599.png
"[[735,158,61,123],[1083,147,61,121],[138,190,67,145],[78,192,61,154],[30,197,54,154],[0,201,24,166]]",PXL_743838.png
"[[190,246,93,229],[519,251,45,112],[787,251,54,117],[932,246,80,216]]",PXL_8621212.png
"[[290,329,112,249]]",PXL_o35112351235.png
"[[400,368,84,130]]",PXL_oo2352464236.png
"[[439,463,65,151],[541,452,56,84],[835,456,54,84],[251,441,50,123],[190,441,39,117],[166,456,35,106],[143,454,35,112],[108,456,39,119]]",Snapchat-1870416949.jpg
"[[716,510,54,147],[815,497,41,91],[545,471,45,95],[125,454,56,132],[74,452,39,117],[50,458,37,123],[24,458,41,141],[0,458,39,151]]",Snapchat-366317738.jpg
"[[275,592,80,128],[428,575,43,91],[657,597,35,76],[0,536,67,149]]",Snapchat-536231975.jpg
"[[480,264,71,182],[837,307,50,93],[238,303,56,112],[197,298,37,119],[169,296,43,115],[147,296,39,106],[106,283,45,149]]",Snapchat-850053629.jpg
"[]",10.jpg
"[]",11.jpg
"[]",24.jpg
"[]",PXL_20211002_151607013.jpg
"[]",PXL_20211002_152007384.jpg
"[]",PXL_20211002_152010257.jpg
"[]",PXL_20211002_152015320.jpg
"[]",PXL_20211002_153053928.jpg
"[]",PXL_20211002_153056165.jpg
"[]",PXL_20211002_153058175.jpg
"[]",PXL_20211002_153101457.jpg
"[]",PXL_20211002_153105534.MP.jpg
"[]",PXL_20211002_153107020.jpg
"[]",PXL_20211002_153108771.MP.jpg
"[]",PXL_20211002_153111255.jpg
"[]",PXL_20211002_153348524.jpg
"[]",PXL_20211002_153356139.jpg
"[]",PXL_20211002_153400440.jpg
"[]",PXL_20211002_153405413.jpg
"[]",PXL_20211002_153409123.jpg
"[]",PXL_20211002_153412631.jpg
"[]",PXL_20211002_153429595.jpg
"[]",PXL_20211002_153625680.jpg
"[]",PXL_20211002_153629591.MP.jpg
"[]",PXL_20211002_153635244.jpg
"[]",PXL_20211002_160250373.jpg
"[]",PXL_20211002_160257104.jpg
"[]",PXL_20211003_1.png
"[]",PXL_e2352.png
"[]",PXL_ee353512.png
"[]",Snapchat-306480917.jpg
